{
  "budget": {
    "budgetary_impact": -213936361887.24713,
    "tax_revenue_impact": -213936361887.24713,
    "benefit_spending_impact": 0.0,
    "households": 144287680.04735884
  },
  "decile": {
    "average": {
      "1": 37.381157867347405,
      "2": 241.29591648333073,
      "3": 993.5945811548984,
      "4": 1222.3152475000147,
      "5": 2008.8908107398793,
      "6": 3266.6048552952984,
      "7": 3586.353819949036,
      "8": 2800.8412486168095,
      "9": 1415.676116344283,
      "10": 652.4462659917714
    },
    "relative": {
      "1": 0.0036624205003339145,
      "2": 0.009235902366634139,
      "3": 0.026605377965551402,
      "4": 0.022827650969687974,
      "5": 0.02886295578328401,
      "6": 0.03808892771169329,
      "7": 0.03355854335382551,
      "8": 0.02096263167696469,
      "9": 0.008344003601939631,
      "10": 0.001042186653594157
    }
  },
  "intra_decile": {
    "all": {
      "Lose more than 5%": 0.0,
      "Lose less than 5%": 0.0,
      "No change": 0.5147151475470103,
      "Gain less than 5%": 0.3244339511299007,
      "Gain more than 5%": 0.16085090132308905
    },
    "deciles": {
      "Lose more than 5%": [
        0.0,
        0.0,
        0.0,
        0.0,
        0.0,
        0.0,
        0.0,
        0.0,
        0.0,
        0.0
      ],
      "Lose less than 5%": [
        0.0,
        0.0,
        0.0,
        0.0,
        0.0,
        0.0,
        0.0,
        0.0,
        0.0,
        0.0
      ],
      "No change": [
        0.9843288081559128,
        0.859724035941491,
        0.6340856753990379,
        0.4484063304931819,
        0.2893551463833693,
        0.1543957672173489,
        0.13230893847813618,
        0.25797961551157017,
        0.5978272096103685,
        0.788739948279686
      ],
      "Gain less than 5%": [
        0.00843107071889362,
        0.08428488720301494,
        0.1829532001155564,
        0.40200047810187034,
        0.49906379227516834,
        0.3988169318084172,
        0.48654106398438973,
        0.6389977973718907,
        0.3480304042776141,
        0.19521988544219152
      ],
      "Gain more than 5%": [
        0.007240121125193494,
        0.055991076855494024,
        0.18296112448540564,
        0.14959319140494787,
        0.21158106134146235,
        0.4467873009742339,
        0.3811499975374741,
        0.10302258711653914,
        0.05414238611201745,
        0.016040166278122544
      ]
    }
  },
  "total_cost": 213936361887.24713,
  "beneficiaries": 66497860.747561604,
  "avg_benefit": 27672534.194879267,
  "winners": 66304534.04196468,
  "losers": 0.0,
  "winners_rate": 45.95301138683626,
  "losers_rate": 0.0,
  "poverty_baseline_rate": 23.47402769798309,
  "poverty_reform_rate": 23.037629788944926,
  "poverty_rate_change": -0.43639790903816333,
  "poverty_percent_change": -1.859067027835445,
  "child_poverty_baseline_rate": 25.678863525390625,
  "child_poverty_reform_rate": 24.975370407104492,
  "child_poverty_rate_change": -0.7034931182861328,
  "child_poverty_percent_change": -2.739580424151311,
  "deep_poverty_baseline_rate": 10.104666746323884,
  "deep_poverty_reform_rate": 10.0933011369219,
  "deep_poverty_rate_change": -0.0113656094019845,
  "deep_poverty_percent_change": -0.11247881486165143,
  "deep_child_poverty_baseline_rate": 11.641509056091309,
  "deep_child_poverty_reform_rate": 11.621903419494629,
  "deep_child_poverty_rate_change": -0.019605636596679688,
  "deep_child_poverty_percent_change": -0.16841147055949096,
  "by_income_bracket": [
    {
      "bracket": "Under $50k",
      "beneficiaries": 15749802.0,
      "total_cost": 22811403469.83038,
      "avg_benefit": 1448.3612399710703
    },
    {
      "bracket": "$50k-$100k",
      "beneficiaries": 29755548.0,
      "total_cost": 91800141368.82703,
      "avg_benefit": 3085.143594767937
    },
    {
      "bracket": "$100k-$200k",
      "beneficiaries": 17635732.0,
      "total_cost": 87682138355.76526,
      "avg_benefit": 4971.845690142948
    },
    {
      "bracket": "$200k-$500k",
      "beneficiaries": 2390869.5,
      "total_cost": 9545121689.922268,
      "avg_benefit": 3992.32220011265
    },
    {
      "bracket": "$500k-$1M",
      "beneficiaries": 446811.75,
      "total_cost": 1286403057.7767289,
      "avg_benefit": 2879.071666778497
    },
    {
      "bracket": "$1M-$2M",
      "beneficiaries": 95663.1875,
      "total_cost": 167154546.70764342,
      "avg_benefit": 1747.3235806583323
    },
    {
      "bracket": "Over $2M",
      "beneficiaries": 165977.015625,
      "total_cost": 390033425.7647532,
      "avg_benefit": 2349.924335445641
    }
  ]
}