{
  "budget": {
    "budgetary_impact": 33952388857.932953,
    "tax_revenue_impact": 33952388857.932953,
    "benefit_spending_impact": 0.0,
    "households": 144287680.04735884
  },
  "decile": {
    "average": {
      "1": 37.381157867347405,
      "2": 241.29591648333073,
      "3": 993.5945811548984,
      "4": 1222.3152475000147,
      "5": 2008.8908107398793,
      "6": 3266.6048552952984,
      "7": 3571.124755033348,
      "8": 2800.8412486168095,
      "9": 1415.669588539914,
      "10": -22534.863111529023
    },
    "relative": {
      "1": 0.0036624205003339145,
      "2": 0.009235902366634139,
      "3": 0.026605377965551402,
      "4": 0.022827650969687974,
      "5": 0.02886295578328401,
      "6": 0.03808892771169329,
      "7": 0.03341604061682043,
      "8": 0.02096263167696469,
      "9": 0.008343965127021152,
      "10": -0.035996119220188846
    }
  },
  "intra_decile": {
    "all": {
      "Lose more than 5%": 0.002001109219017583,
      "Lose less than 5%": 0.003910198570537012,
      "No change": 0.5107032168875045,
      "Gain less than 5%": 0.32253457399985186,
      "Gain more than 5%": 0.16085090132308905
    },
    "deciles": {
      "Lose more than 5%": [
        0.0,
        0.0,
        0.0,
        0.0,
        0.0,
        0.0,
        4.8294030989395066e-05,
        0.0,
        0.0,
        0.019962798159186435
      ],
      "Lose less than 5%": [
        0.0,
        0.0,
        0.0,
        0.0,
        0.0,
        0.0,
        0.0,
        0.0,
        1.1086563319284482e-06,
        0.03910087704903819
      ],
      "No change": [
        0.9843288081559128,
        0.859724035941491,
        0.6340856753990379,
        0.4484063304931819,
        0.2893551463833693,
        0.1543957672173489,
        0.13226064444714677,
        0.25797961551157017,
        0.5978261009540365,
        0.7486700443719496
      ],
      "Gain less than 5%": [
        0.00843107071889362,
        0.08428488720301494,
        0.1829532001155564,
        0.40200047810187034,
        0.49906379227516834,
        0.3988169318084172,
        0.48654106398438973,
        0.6389977973718907,
        0.3480304042776141,
        0.17622611414170325
      ],
      "Gain more than 5%": [
        0.007240121125193494,
        0.055991076855494024,
        0.18296112448540564,
        0.14959319140494787,
        0.21158106134146235,
        0.4467873009742339,
        0.3811499975374741,
        0.10302258711653914,
        0.05414238611201745,
        0.016040166278122544
      ]
    }
  },
  "total_cost": -33952388857.932953,
  "beneficiaries": 66282752.802410334,
  "avg_benefit": -3969646.7771037607,
  "winners": 66089426.09681341,
  "losers": 717982.1016581189,
  "winners_rate": 45.80392870349097,
  "losers_rate": 0.49760457817497594,
  "poverty_baseline_rate": 23.47402769798309,
  "poverty_reform_rate": 23.042509187197908,
  "poverty_rate_change": -0.4315185107851818,
  "poverty_percent_change": -1.8382806578278776,
  "child_poverty_baseline_rate": 25.678863525390625,
  "child_poverty_reform_rate": 24.977108001708984,
  "child_poverty_rate_change": -0.7017555236816406,
  "child_poverty_percent_change": -2.732813790562663,
  "deep_poverty_baseline_rate": 10.104666746323884,
  "deep_poverty_reform_rate": 10.099789841809619,
  "deep_poverty_rate_change": -0.00487690451426559,
  "deep_poverty_percent_change": -0.048263882785049055,
  "deep_child_poverty_baseline_rate": 11.641509056091309,
  "deep_child_poverty_reform_rate": 11.627374649047852,
  "deep_child_poverty_rate_change": -0.014134407043457031,
  "deep_child_poverty_percent_change": -0.12141387319594393,
  "by_income_bracket": [
    {
      "bracket": "Under $50k",
      "beneficiaries": 15749802.0,
      "total_cost": 22811403469.83038,
      "avg_benefit": 1448.3612399710703
    },
    {
      "bracket": "$50k-$100k",
      "beneficiaries": 29755548.0,
      "total_cost": 91800141368.82703,
      "avg_benefit": 3085.143594767937
    },
    {
      "bracket": "$100k-$200k",
      "beneficiaries": 17635732.0,
      "total_cost": 87682138355.76526,
      "avg_benefit": 4971.845690142948
    },
    {
      "bracket": "$200k-$500k",
      "beneficiaries": 2390869.5,
      "total_cost": 9545121689.922268,
      "avg_benefit": 3992.32220011265
    },
    {
      "bracket": "$500k-$1M",
      "beneficiaries": 446811.75,
      "total_cost": 1286403057.7767289,
      "avg_benefit": 2879.071666778497
    },
    {
      "bracket": "$1M-$2M",
      "beneficiaries": 391579.125,
      "total_cost": -6131000452.61929,
      "avg_benefit": -15657.116824059625
    },
    {
      "bracket": "Over $2M",
      "beneficiaries": 372935.21875,
      "total_cost": -241200562320.08838,
      "avg_benefit": -646762.6376923148
    }
  ]
}