{
  "budget": {
    "baseline_net_income": 15215042767557.588,
    "budgetary_impact": -213949710651.88626,
    "tax_revenue_impact": -213949710651.88626,
    "benefit_spending_impact": 0.0,
    "households": 144287680.0
  },
  "decile": {
    "average": {
      "1": 51.936744689941406,
      "2": 246.20474243164062,
      "3": 1020.8159790039062,
      "4": 1239.0411376953125,
      "5": 2026.7353515625,
      "6": 3328.198486328125,
      "7": 3632.707763671875,
      "8": 2859.8349609375,
      "9": 1460.2467041015625,
      "10": 663.2630004882812
    },
    "relative": {
      "1": 0.0050885045902311484,
      "2": 0.009423794641366721,
      "3": 0.02733428295162695,
      "4": 0.023140046680577758,
      "5": 0.02912072253388511,
      "6": 0.03880857699175437,
      "7": 0.03399377998192656,
      "8": 0.021404162186487857,
      "9": 0.008606809937439636,
      "10": 0.00105946486997443
    }
  },
  "intra_decile": {
    "all": {
      "Lose more than 5%": 0.0,
      "Lose less than 5%": 0.00033638765735541587,
      "No change": 0.5141345290696389,
      "Gain less than 5%": 0.31966390335940453,
      "Gain more than 5%": 0.16586517991360128
    },
    "deciles": {
      "Lose more than 5%": [
        0.0,
        0.0,
        0.0,
        0.0,
        0.0,
        0.0,
        0.0,
        0.0,
        0.0,
        0.0
      ],
      "Lose less than 5%": [
        0.0,
        0.0,
        0.0011034380281060756,
        0.0022083339925824176,
        0.0,
        5.21045528656656e-05,
        0.0,
        0.0,
        0.0,
        0.0
      ],
      "No change": [
        0.9841287592368315,
        0.8597077109683002,
        0.6314301727944964,
        0.4454976088448049,
        0.28930640998238916,
        0.1544923717933985,
        0.13230893847813618,
        0.2579061607079766,
        0.5978272096103685,
        0.788739948279686
      ],
      "Gain less than 5%": [
        0.008631119637975042,
        0.08411567378405513,
        0.18550008170998752,
        0.3958584517530694,
        0.49192506543994635,
        0.3873464725796086,
        0.48206515386776205,
        0.6203467222977814,
        0.3456304070816684,
        0.19521988544219152
      ],
      "Gain more than 5%": [
        0.007240121125193494,
        0.05617661524764467,
        0.18196630746741002,
        0.15643560540954343,
        0.2187685245776645,
        0.4581090510741273,
        0.38562590765410176,
        0.12174711699424193,
        0.05654238330796312,
        0.016040166278122544
      ]
    }
  },
  "total_cost": 217969399650.90045,
  "beneficiaries": 66357536.0,
  "avg_benefit": 3282.430419921875,
  "winners": 66353704.0,
  "losers": 51173.41015625,
  "winners_rate": 45.987091064453125,
  "losers_rate": 0.035466235131025314,
  "poverty_baseline_rate": 23.474029541015625,
  "poverty_reform_rate": 23.037628173828125,
  "poverty_rate_change": -0.4364013671875,
  "poverty_percent_change": -1.8590816136828405,
  "child_poverty_baseline_rate": 25.678863525390625,
  "child_poverty_reform_rate": 24.975370407104492,
  "child_poverty_rate_change": -0.7034931182861328,
  "child_poverty_percent_change": -2.739580424151311,
  "deep_poverty_baseline_rate": 10.104666709899902,
  "deep_poverty_reform_rate": 10.093301773071289,
  "deep_poverty_rate_change": -0.011364936828613281,
  "deep_poverty_percent_change": -0.11247215920025,
  "deep_child_poverty_baseline_rate": 11.641509056091309,
  "deep_child_poverty_reform_rate": 11.621903419494629,
  "deep_child_poverty_rate_change": -0.019605636596679688,
  "deep_child_poverty_percent_change": -0.16841147055949096,
  "by_income_bracket": [
    {
      "bracket": "Under $50k",
      "beneficiaries": 15840042.0,
      "total_cost": 23058714892.680546,
      "avg_benefit": 1455.7230224609375
    },
    {
      "bracket": "$50k-$100k",
      "beneficiaries": 29759342.0,
      "total_cost": 93496179788.43277,
      "avg_benefit": 3141.7421875
    },
    {
      "bracket": "$100k-$200k",
      "beneficiaries": 17636558.0,
      "total_cost": 89519989920.21835,
      "avg_benefit": 5075.81982421875
    },
    {
      "bracket": "$200k-$500k",
      "beneficiaries": 2390869.5,
      "total_cost": 9793486731.681774,
      "avg_benefit": 4096.203125
    },
    {
      "bracket": "$500k-$1M",
      "beneficiaries": 446811.75,
      "total_cost": 1288382269.4443872,
      "avg_benefit": 2883.501220703125
    },
    {
      "bracket": "$1M-$2M",
      "beneficiaries": 95663.1875,
      "total_cost": 168488932.3226975,
      "avg_benefit": 1761.2723388671875
    },
    {
      "bracket": "Over $2M",
      "beneficiaries": 165977.015625,
      "total_cost": 389547849.7768237,
      "avg_benefit": 2346.998779296875
    }
  ]
}