{
  "budget": {
    "baseline_net_income": 16815097163373.53,
    "budgetary_impact": -217969396427.2119,
    "tax_revenue_impact": -217969396427.2119,
    "benefit_spending_impact": 0.0,
    "households": 144287680.0
  },
  "decile": {
    "average": {
      "1": 149.8123321533203,
      "2": 248.4730987548828,
      "3": 1110.30615234375,
      "4": 1938.510986328125,
      "5": 2358.123046875,
      "6": 2941.55810546875,
      "7": 2339.7763671875,
      "8": 1966.0025634765625,
      "9": 1337.549072265625,
      "10": 711.5372314453125
    },
    "relative": {
      "1": -0.02255731428807955,
      "2": 0.008397024299335053,
      "3": 0.024639154895733754,
      "4": 0.03617581201683368,
      "5": 0.03306430225599639,
      "6": 0.03471442955012606,
      "7": 0.022970126317857872,
      "8": 0.015295729726337429,
      "9": 0.008473157470130742,
      "10": 0.0014284333197668126
    }
  },
  "intra_decile": {
    "all": {
      "Gain more than 5%": 0.14996379613876343,
      "Gain less than 5%": 0.3059820234775543,
      "No change": 0.5397521257400513,
      "Lose less than 5%": 0.003133452730253339,
      "Lose more than 5%": 0.0011764586670324206
    },
    "deciles": {
      "Gain more than 5%": [
        0.006561796180903912,
        0.05669872835278511,
        0.22677990794181824,
        0.33029890060424805,
        0.3571080267429352,
        0.3277135193347931,
        0.14326857030391693,
        0.047887712717056274,
        0.004601799417287111,
        0.0
      ],
      "Gain less than 5%": [
        0.009761946275830269,
        0.13903920352458954,
        0.38466304540634155,
        0.31154826283454895,
        0.24799257516860962,
        0.38585689663887024,
        0.49130624532699585,
        0.46413305401802063,
        0.4051688611507416,
        0.21944545209407806
      ],
      "No change": [
        0.9440271258354187,
        0.8042421340942383,
        0.3856181502342224,
        0.35791683197021484,
        0.39489951729774475,
        0.28642961382865906,
        0.3650493621826172,
        0.4879792332649231,
        0.5902292728424072,
        0.7805545330047607
      ],
      "Lose less than 5%": [
        0.027855802327394485,
        1.9915341908927076e-05,
        0.0029389015398919582,
        0.0002359792561037466,
        0.0,
        0.0,
        0.0003758947132155299,
        0.0,
        0.0,
        0.0
      ],
      "Lose more than 5%": [
        0.011793345212936401,
        0.0,
        0.0,
        0.0,
        0.0,
        0.0,
        0.0,
        0.0,
        0.0,
        0.0
      ]
    }
  },
  "poverty": {
    "poverty": {
      "all": {
        "baseline": 23.47402769798309,
        "reform": 23.037629788944933
      },
      "child": {
        "baseline": 25.678864674393008,
        "reform": 24.97536820929674
      }
    },
    "deep_poverty": {
      "all": {
        "baseline": 10.104666746323886,
        "reform": 10.0933011369219
      },
      "child": {
        "baseline": 11.641508560679316,
        "reform": 11.62190363343326
      }
    }
  },
  "total_cost": 217969402937.17224,
  "beneficiaries": 66357536.0,
  "avg_benefit": 3282.430569138981,
  "winners": 66353704.0,
  "losers": 51173.41015625,
  "winners_rate": 45.987091064453125,
  "losers_rate": 0.035466235131025314,
  "poverty_baseline_rate": 23.47402769798309,
  "poverty_reform_rate": 23.037629788944933,
  "poverty_rate_change": -0.43639790903815623,
  "poverty_percent_change": -1.8590670278354144,
  "child_poverty_baseline_rate": 25.678864674393008,
  "child_poverty_reform_rate": 24.97536820929674,
  "child_poverty_rate_change": -0.7034964650962685,
  "child_poverty_percent_change": -2.7395933348945753,
  "deep_poverty_baseline_rate": 10.104666746323886,
  "deep_poverty_reform_rate": 10.0933011369219,
  "deep_poverty_rate_change": -0.011365609401986276,
  "deep_poverty_percent_change": -0.112478814861669,
  "deep_child_poverty_baseline_rate": 11.641508560679316,
  "deep_child_poverty_reform_rate": 11.62190363343326,
  "deep_child_poverty_rate_change": -0.019604927246057002,
  "deep_child_poverty_percent_change": -0.1684053844385353,
  "by_income_bracket": [
    {
      "bracket": "Under $50k",
      "beneficiaries": 15840042.0,
      "total_cost": 23058717208.458237,
      "avg_benefit": 1455.7232171274743
    },
    {
      "bracket": "$50k-$100k",
      "beneficiaries": 29759342.0,
      "total_cost": 93496176760.83513,
      "avg_benefit": 3141.7421588011007
    },
    {
      "bracket": "$100k-$200k",
      "beneficiaries": 17636558.0,
      "total_cost": 89519991174.48987,
      "avg_benefit": 5075.819849414475
    },
    {
      "bracket": "$200k-$500k",
      "beneficiaries": 2390869.5,
      "total_cost": 9793486733.483149,
      "avg_benefit": 4096.202832476607
    },
    {
      "bracket": "$500k-$1M",
      "beneficiaries": 446811.75,
      "total_cost": 1288382403.5456028,
      "avg_benefit": 2883.50159897391
    },
    {
      "bracket": "$1M-$2M",
      "beneficiaries": 95663.1875,
      "total_cost": 168491527.6009415,
      "avg_benefit": 1761.299498680086
    },
    {
      "bracket": "Over $2M",
      "beneficiaries": 165977.015625,
      "total_cost": 389547868.5709545,
      "avg_benefit": 2346.998887033826
    }
  ]
}