{
  "budget": {
    "baseline_net_income": 16815097163373.53,
    "budgetary_impact": 29864238824.411453,
    "tax_revenue_impact": 29864238824.411453,
    "benefit_spending_impact": 0.0,
    "households": 144287680.0
  },
  "decile": {
    "average": {
      "1": -479.28643798828125,
      "2": 248.4730987548828,
      "3": 1110.30615234375,
      "4": 1938.510986328125,
      "5": 2358.123046875,
      "6": 2928.3212890625,
      "7": 2339.7763671875,
      "8": 1966.0025634765625,
      "9": 1337.1368408203125,
      "10": -15789.564453125
    },
    "relative": {
      "1": 0.07216638750841445,
      "2": 0.008397024299335053,
      "3": 0.024639154895733754,
      "4": 0.03617581201683368,
      "5": 0.03306430225599639,
      "6": 0.0345582169192253,
      "7": 0.022970126317857872,
      "8": 0.015295729726337429,
      "9": 0.0084705460504657,
      "10": -0.0316980461073496
    }
  },
  "intra_decile": {
    "all": {
      "Gain more than 5%": 0.15005114674568176,
      "Gain less than 5%": 0.30454352498054504,
      "No change": 0.5362668633460999,
      "Lose less than 5%": 0.0063872551545500755,
      "Lose more than 5%": 0.0027590557001531124
    },
    "deciles": {
      "Gain more than 5%": [
        0.007437472697347403,
        0.05669872835278511,
        0.22677990794181824,
        0.33029890060424805,
        0.3571080267429352,
        0.3277135193347931,
        0.14326857030391693,
        0.047887712717056274,
        0.004601799417287111,
        0.0
      ],
      "Gain less than 5%": [
        0.009785010479390621,
        0.13903920352458954,
        0.38466304540634155,
        0.31154826283454895,
        0.24799257516860962,
        0.38585689663887024,
        0.49130624532699585,
        0.46413305401802063,
        0.4051688611507416,
        0.2050672322511673
      ],
      "No change": [
        0.9436299204826355,
        0.8042421340942383,
        0.3856181502342224,
        0.35791683197021484,
        0.39489951729774475,
        0.28639137744903564,
        0.3650493621826172,
        0.4879792332649231,
        0.5902235507965088,
        0.7462133169174194
      ],
      "Lose less than 5%": [
        0.027354270219802856,
        1.9915341908927076e-05,
        0.0029389015398919582,
        0.0002359792561037466,
        0.0,
        0.0,
        0.0003758947132155299,
        0.0,
        0.0,
        0.03296991065144539
      ],
      "Lose more than 5%": [
        0.011793345212936401,
        0.0,
        0.0,
        0.0,
        0.0,
        3.825930252787657e-05,
        0.0,
        0.0,
        5.7139209275192115e-06,
        0.01574951596558094
      ]
    }
  },
  "poverty": {
    "poverty": {
      "all": {
        "baseline": 23.47402769798309,
        "reform": 23.04250918719791
      },
      "child": {
        "baseline": 25.678864674393008,
        "reform": 24.977104730458738
      }
    },
    "deep_poverty": {
      "all": {
        "baseline": 10.104666746323886,
        "reform": 10.09978984180962
      },
      "child": {
        "baseline": 11.641508560679316,
        "reform": 11.62737559927043
      }
    }
  },
  "total_cost": -29864220514.628845,
  "beneficiaries": 66142424.0,
  "avg_benefit": -446.3492145224798,
  "winners": 66138592.0,
  "losers": 769155.5,
  "winners_rate": 45.83800506591797,
  "losers_rate": 0.5330708026885986,
  "poverty_baseline_rate": 23.47402769798309,
  "poverty_reform_rate": 23.04250918719791,
  "poverty_rate_change": -0.4315185107851782,
  "poverty_percent_change": -1.8382806578278628,
  "child_poverty_baseline_rate": 25.678864674393008,
  "child_poverty_reform_rate": 24.977104730458738,
  "child_poverty_rate_change": -0.7017599439342703,
  "child_poverty_percent_change": -2.7328308818655294,
  "deep_poverty_baseline_rate": 10.104666746323886,
  "deep_poverty_reform_rate": 10.09978984180962,
  "deep_poverty_rate_change": -0.00487690451426559,
  "deep_poverty_percent_change": -0.04826388278504905,
  "deep_child_poverty_baseline_rate": 11.641508560679316,
  "deep_child_poverty_reform_rate": 11.62737559927043,
  "deep_child_poverty_rate_change": -0.014132961408886757,
  "deep_child_poverty_percent_change": -0.12140146043119052,
  "by_income_bracket": [
    {
      "bracket": "Under $50k",
      "beneficiaries": 15840042.0,
      "total_cost": 23058717208.458237,
      "avg_benefit": 1455.7232171274743
    },
    {
      "bracket": "$50k-$100k",
      "beneficiaries": 29759342.0,
      "total_cost": 93496176760.83513,
      "avg_benefit": 3141.7421588011007
    },
    {
      "bracket": "$100k-$200k",
      "beneficiaries": 17636558.0,
      "total_cost": 89519991174.48987,
      "avg_benefit": 5075.819849414475
    },
    {
      "bracket": "$200k-$500k",
      "beneficiaries": 2390869.5,
      "total_cost": 9793486733.483149,
      "avg_benefit": 4096.202832476607
    },
    {
      "bracket": "$500k-$1M",
      "beneficiaries": 446811.75,
      "total_cost": 1288382403.5456028,
      "avg_benefit": 2883.50159897391
    },
    {
      "bracket": "$1M-$2M",
      "beneficiaries": 391579.125,
      "total_cost": -6129591129.839754,
      "avg_benefit": -15653.517748905002
    },
    {
      "bracket": "Over $2M",
      "beneficiaries": 372935.21875,
      "total_cost": -241145992925.78946,
      "avg_benefit": -646616.3136329737
    }
  ]
}