{
  "budget": {
    "baseline_net_income": 15215042767557.588,
    "budgetary_impact": 33939040093.293793,
    "tax_revenue_impact": 33939040093.293793,
    "benefit_spending_impact": 0.0,
    "households": 144287680.0
  },
  "decile": {
    "average": {
      "1": 51.936744689941406,
      "2": 246.20474243164062,
      "3": 1020.8159790039062,
      "4": 1239.0411376953125,
      "5": 2026.7353515625,
      "6": 3328.198486328125,
      "7": 3617.478515625,
      "8": 2859.8349609375,
      "9": 1460.240234375,
      "10": -22518.689453125
    },
    "relative": {
      "1": 0.0050885045902311484,
      "2": 0.009423794641366721,
      "3": 0.02733428295162695,
      "4": 0.023140046680577758,
      "5": 0.02912072253388511,
      "6": 0.03880857699175437,
      "7": 0.03385126969152685,
      "8": 0.021404162186487857,
      "9": 0.008606771529015332,
      "10": -0.035970285495931766
    }
  },
  "intra_decile": {
    "all": {
      "Lose more than 5%": 0.002001109219017583,
      "Lose less than 5%": 0.004246586227892428,
      "No change": 0.5101225984101331,
      "Gain less than 5%": 0.3177645262293557,
      "Gain more than 5%": 0.16586517991360128
    },
    "deciles": {
      "Lose more than 5%": [
        0.0,
        0.0,
        0.0,
        0.0,
        0.0,
        0.0,
        4.8294030989395066e-05,
        0.0,
        0.0,
        0.019962798159186435
      ],
      "Lose less than 5%": [
        0.0,
        0.0,
        0.0011034380281060756,
        0.0022083339925824176,
        0.0,
        5.21045528656656e-05,
        0.0,
        0.0,
        1.1086563319284482e-06,
        0.03910087704903819
      ],
      "No change": [
        0.9841287592368315,
        0.8597077109683002,
        0.6314301727944964,
        0.4454976088448049,
        0.28930640998238916,
        0.1544923717933985,
        0.13226064444714677,
        0.2579061607079766,
        0.5978261009540365,
        0.7486700443719496
      ],
      "Gain less than 5%": [
        0.008631119637975042,
        0.08411567378405513,
        0.18550008170998752,
        0.3958584517530694,
        0.49192506543994635,
        0.3873464725796086,
        0.48206515386776205,
        0.6203467222977814,
        0.3456304070816684,
        0.17622611414170325
      ],
      "Gain more than 5%": [
        0.007240121125193494,
        0.05617661524764467,
        0.18196630746741002,
        0.15643560540954343,
        0.2187685245776645,
        0.4581090510741273,
        0.38562590765410176,
        0.12174711699424193,
        0.05654238330796312,
        0.016040166278122544
      ]
    }
  },
  "total_cost": -29864224432.326553,
  "beneficiaries": 66142424.0,
  "avg_benefit": -446.3490905761719,
  "winners": 66138592.0,
  "losers": 769155.5,
  "winners_rate": 45.83800506591797,
  "losers_rate": 0.5330708026885986,
  "poverty_baseline_rate": 23.474029541015625,
  "poverty_reform_rate": 23.042510986328125,
  "poverty_rate_change": -0.4315185546875,
  "poverty_percent_change": -1.838280700522753,
  "child_poverty_baseline_rate": 25.678863525390625,
  "child_poverty_reform_rate": 24.977108001708984,
  "child_poverty_rate_change": -0.7017555236816406,
  "child_poverty_percent_change": -2.732813790562663,
  "deep_poverty_baseline_rate": 10.104666709899902,
  "deep_poverty_reform_rate": 10.099790573120117,
  "deep_poverty_rate_change": -0.004876136779785156,
  "deep_poverty_percent_change": -0.04825628513811179,
  "deep_child_poverty_baseline_rate": 11.641509056091309,
  "deep_child_poverty_reform_rate": 11.627374649047852,
  "deep_child_poverty_rate_change": -0.014134407043457031,
  "deep_child_poverty_percent_change": -0.12141387319594393,
  "by_income_bracket": [
    {
      "bracket": "Under $50k",
      "beneficiaries": 15840042.0,
      "total_cost": 23058714892.680546,
      "avg_benefit": 1455.7230224609375
    },
    {
      "bracket": "$50k-$100k",
      "beneficiaries": 29759342.0,
      "total_cost": 93496179788.43277,
      "avg_benefit": 3141.7421875
    },
    {
      "bracket": "$100k-$200k",
      "beneficiaries": 17636558.0,
      "total_cost": 89519989920.21835,
      "avg_benefit": 5075.81982421875
    },
    {
      "bracket": "$200k-$500k",
      "beneficiaries": 2390869.5,
      "total_cost": 9793486731.681774,
      "avg_benefit": 4096.203125
    },
    {
      "bracket": "$500k-$1M",
      "beneficiaries": 446811.75,
      "total_cost": 1288382269.4443872,
      "avg_benefit": 2883.501220703125
    },
    {
      "bracket": "$1M-$2M",
      "beneficiaries": 391579.125,
      "total_cost": -6129593722.691807,
      "avg_benefit": -15653.52734375
    },
    {
      "bracket": "Over $2M",
      "beneficiaries": 372935.21875,
      "total_cost": -241145993578.4356,
      "avg_benefit": -646616.3125
    }
  ]
}